{
  "results": [
    {
      "command": "cargo leptos build",
      "mean": 98.70207917922001,
      "stddev": 1.51291198021735,
      "median": 98.80864462881999,
      "user": 764.7972270199999,
      "system": 194.94926403999995,
      "min": 96.01226346781999,
      "max": 101.19601151782,
      "times": [
        99.54186569881999,
        99.34847788581999,
        99.91124411082,
        98.31196189981999,
        101.19601151782,
        96.01226346781999,
        96.74919440981999,
        98.34232895682,
        99.27496030082,
        98.33248354381999
      ],
      "exit_codes": [
        0,
        0,
        0,
        0,
        0,
        0,
        0,
        0,
        0,
        0
      ]
    }
  ]
}
