{
  "results": [
    {
      "command": "cargo leptos build",
      "mean": 175.93645057601998,
      "stddev": 2.0488248405956115,
      "median": 176.63146853432,
      "user": 3014.2304450599995,
      "system": 248.06667962,
      "min": 171.44058715682,
      "max": 178.80304080081999,
      "times": [
        175.34938757581997,
        171.44058715682,
        175.97789389381998,
        173.71036608682,
        176.49076949882,
        176.83438802581998,
        177.03058235982,
        178.80304080081999,
        176.95532279181998,
        176.77216756982
      ],
      "exit_codes": [
        0,
        0,
        0,
        0,
        0,
        0,
        0,
        0,
        0,
        0
      ]
    }
  ]
}
