{
  "results": [
    {
      "command": "cargo leptos build",
      "mean": 85.34529906712,
      "stddev": 0.44471880784881845,
      "median": 85.37748246632,
      "user": 739.9062455199999,
      "system": 177.89612229999997,
      "min": 84.58880193932,
      "max": 85.95142602232,
      "times": [
        85.20124551632,
        84.99758223832,
        84.58880193932,
        84.84240234032,
        85.27154245832,
        85.48342247432,
        85.81578042132,
        85.95142602232,
        85.56764149032,
        85.73314577032001
      ],
      "exit_codes": [
        0,
        0,
        0,
        0,
        0,
        0,
        0,
        0,
        0,
        0
      ]
    }
  ]
}
