{
  "results": [
    {
      "command": "cargo leptos build",
      "mean": 79.35368632902,
      "stddev": 1.8995386342636897,
      "median": 79.14527982082,
      "user": 822.4763393199999,
      "system": 197.22478335999998,
      "min": 76.67809291382,
      "max": 82.62277672281999,
      "times": [
        82.62277672281999,
        80.67024399681999,
        81.16268620182,
        80.48201263381999,
        76.67809291382,
        77.66361852082,
        78.27158080881999,
        77.73395646382,
        78.23291619481999,
        80.01897883282
      ],
      "exit_codes": [
        0,
        0,
        0,
        0,
        0,
        0,
        0,
        0,
        0,
        0
      ]
    }
  ]
}
