{
  "results": [
    {
      "command": "cargo leptos build",
      "mean": 196.21688925224,
      "stddev": 3.0595087247204376,
      "median": 195.42882105944,
      "user": 3169.48114598,
      "system": 299.5577541400001,
      "min": 193.02942814994,
      "max": 203.34369446694,
      "times": [
        197.45137078394,
        195.05711383694,
        195.80052828194002,
        203.34369446694,
        198.84353027894,
        196.16909680594,
        194.78689341194,
        193.70139310994,
        193.02942814994,
        193.98584339594
      ],
      "exit_codes": [
        0,
        0,
        0,
        0,
        0,
        0,
        0,
        0,
        0,
        0
      ]
    }
  ]
}
