{
  "results": [
    {
      "command": "cargo leptos build",
      "mean": 194.48487562227996,
      "stddev": 1.88444334875519,
      "median": 194.49821821768,
      "user": 3099.43523498,
      "system": 283.12440159999994,
      "min": 191.83466123118,
      "max": 197.24002747018,
      "times": [
        195.04654342718,
        195.41989196318,
        191.93279491618,
        193.94989300818,
        196.39275027818,
        192.93311687118,
        191.83466123118,
        197.24002747018,
        193.89390782218,
        196.20516923518
      ],
      "exit_codes": [
        0,
        0,
        0,
        0,
        0,
        0,
        0,
        0,
        0,
        0
      ]
    }
  ]
}
