{
  "results": [
    {
      "command": "cargo leptos build",
      "mean": 100.42625480902,
      "stddev": 0.9522505466522309,
      "median": 100.31642763502,
      "user": 770.93506254,
      "system": 197.69430759999997,
      "min": 99.15508348552,
      "max": 102.07106725352,
      "times": [
        100.58483808951999,
        100.50309816052,
        101.80149148752,
        100.91567016652,
        99.63137968852,
        100.12975710952,
        99.15508348552,
        99.69827347751999,
        99.77188917152,
        102.07106725352
      ],
      "exit_codes": [
        0,
        0,
        0,
        0,
        0,
        0,
        0,
        0,
        0,
        0
      ]
    }
  ]
}
