{
  "results": [
    {
      "command": "cargo leptos build",
      "mean": 167.51366681828,
      "stddev": 4.506467211479431,
      "median": 166.70812275228002,
      "user": 3046.8149388599995,
      "system": 231.61380193999997,
      "min": 163.57727711728,
      "max": 179.97702767528,
      "times": [
        166.67477554528,
        166.74146995928,
        165.92579350628,
        165.70794646928,
        163.57727711728,
        166.77126374528,
        167.22619435328,
        165.51851646528,
        167.01640334628,
        179.97702767528
      ],
      "exit_codes": [
        0,
        0,
        0,
        0,
        0,
        0,
        0,
        0,
        0,
        0
      ]
    }
  ]
}
