{
  "results": [
    {
      "command": "cargo leptos build",
      "mean": 21.789270360540005,
      "stddev": 0.2514535916066142,
      "median": 21.80252774814,
      "user": 11.31433342,
      "system": 11.34938456,
      "min": 21.332205440640003,
      "max": 22.15311316564,
      "times": [
        22.067468323640004,
        21.92669967364,
        21.712880780640003,
        21.49552010164,
        21.332205440640003,
        21.92488853264,
        22.15311316564,
        21.67487209064,
        21.741151954640003,
        21.863903541640003
      ],
      "exit_codes": [
        0,
        0,
        0,
        0,
        0,
        0,
        0,
        0,
        0,
        0
      ]
    }
  ]
}
