{
  "results": [
    {
      "command": "cargo leptos build",
      "mean": 21.826284853019995,
      "stddev": 0.1938580598517264,
      "median": 21.86534344162,
      "user": 11.219413759999998,
      "system": 11.50133754,
      "min": 21.47294252762,
      "max": 22.02692217762,
      "times": [
        22.02692217762,
        21.81622982762,
        21.893941150619998,
        21.47294252762,
        21.93820635862,
        21.49963382762,
        21.81364646162,
        21.83674573262,
        21.97062658762,
        21.99395387862
      ],
      "exit_codes": [
        0,
        0,
        0,
        0,
        0,
        0,
        0,
        0,
        0,
        0
      ]
    }
  ]
}
