{
  "results": [
    {
      "command": "cargo leptos build",
      "mean": 16.79130974366,
      "stddev": 0.18858378823531882,
      "median": 16.80501509896,
      "user": 9.04464034,
      "system": 8.697274319999998,
      "min": 16.530024773460003,
      "max": 17.046906010460003,
      "times": [
        16.597741355460002,
        16.917168260460002,
        16.90863340746,
        16.530024773460003,
        16.59920489246,
        16.658602542460002,
        16.79361266946,
        17.046906010460003,
        16.81641752846,
        17.04478599646
      ],
      "exit_codes": [
        0,
        0,
        0,
        0,
        0,
        0,
        0,
        0,
        0,
        0
      ]
    }
  ]
}
