{
  "results": [
    {
      "command": "cargo leptos build",
      "mean": 16.575079775459997,
      "stddev": 0.15413033785194397,
      "median": 16.54789992786,
      "user": 8.785668399999999,
      "system": 8.732656379999998,
      "min": 16.37689676136,
      "max": 16.90052303036,
      "times": [
        16.90052303036,
        16.37689676136,
        16.65810551036,
        16.52761805336,
        16.67409256436,
        16.39351721436,
        16.56818180236,
        16.49571589036,
        16.50618078736,
        16.64996614036
      ],
      "exit_codes": [
        0,
        0,
        0,
        0,
        0,
        0,
        0,
        0,
        0,
        0
      ]
    }
  ]
}
