{
  "results": [
    {
      "command": "cargo leptos build",
      "mean": 16.698652261640003,
      "stddev": 0.18590679735559779,
      "median": 16.715259096540002,
      "user": 8.92304122,
      "system": 8.740930919999997,
      "min": 16.33749636804,
      "max": 16.95699641404,
      "times": [
        16.64482005704,
        16.83785894204,
        16.95699641404,
        16.79180443504,
        16.60915070504,
        16.88046060804,
        16.69512242504,
        16.49741689404,
        16.33749636804,
        16.73539576804
      ],
      "exit_codes": [
        0,
        0,
        0,
        0,
        0,
        0,
        0,
        0,
        0,
        0
      ]
    }
  ]
}
