{
  "results": [
    {
      "command": "cargo leptos build",
      "mean": 21.599112124580003,
      "stddev": 0.33919420610706225,
      "median": 21.523707982380003,
      "user": 11.043331419999998,
      "system": 11.43917552,
      "min": 21.21347822688,
      "max": 22.47016041588,
      "times": [
        22.47016041588,
        21.50904517088,
        21.47603864988,
        21.21347822688,
        21.73435143788,
        21.393403550880002,
        21.40262038588,
        21.61385968888,
        21.538370793880002,
        21.639792924880002
      ],
      "exit_codes": [
        0,
        0,
        0,
        0,
        0,
        0,
        0,
        0,
        0,
        0
      ]
    }
  ]
}
