{
  "results": [
    {
      "command": "cargo leptos build",
      "mean": 16.41160715618,
      "stddev": 0.1428482332132436,
      "median": 16.42592763118,
      "user": 8.791682759999999,
      "system": 8.567026619999998,
      "min": 16.14491293818,
      "max": 16.68176326518,
      "times": [
        16.68176326518,
        16.41954665818,
        16.43941992218,
        16.41454822918,
        16.432308604179998,
        16.14491293818,
        16.25063939918,
        16.38339592318,
        16.432451119179998,
        16.51708550318
      ],
      "exit_codes": [
        0,
        0,
        0,
        0,
        0,
        0,
        0,
        0,
        0,
        0
      ]
    }
  ]
}
