{
  "results": [
    {
      "command": "cargo leptos build",
      "mean": 21.65759261588,
      "stddev": 0.29897275844146676,
      "median": 21.58204521618,
      "user": 11.09834062,
      "system": 11.374742799999996,
      "min": 21.340189511680002,
      "max": 22.308741954680002,
      "times": [
        21.57459146468,
        21.693594312680002,
        21.42428181968,
        22.308741954680002,
        21.532227900680002,
        21.340189511680002,
        21.76228065568,
        21.37098518968,
        21.58949896768,
        21.97953438168
      ],
      "exit_codes": [
        0,
        0,
        0,
        0,
        0,
        0,
        0,
        0,
        0,
        0
      ]
    }
  ]
}
