{
  "results": [
    {
      "command": "mold -run cargo leptos build",
      "mean": 107.40086270389999,
      "stddev": 1.04972674031763,
      "median": 107.3333694239,
      "user": 1314.2925130133333,
      "system": 178.23323047333335,
      "min": 106.2864219894,
      "max": 109.2382666754,
      "times": [
        107.5888127474,
        106.56876278739999,
        109.2382666754,
        106.2864219894,
        107.07792610039999,
        107.6449859234
      ],
      "exit_codes": [
        0,
        0,
        0,
        0,
        0,
        0
      ]
    }
  ]
}
