{
  "results": [
    {
      "command": "mold -run cargo leptos build",
      "mean": 170.24140207157333,
      "stddev": 1.0159817309221004,
      "median": 170.13870375324,
      "user": 2936.8360904266665,
      "system": 236.18207396666665,
      "min": 168.64121500474,
      "max": 171.63694476874,
      "times": [
        171.63694476874,
        169.94563559274,
        168.64121500474,
        169.98668333674,
        170.29072416974,
        170.94720955674
      ],
      "exit_codes": [
        0,
        0,
        0,
        0,
        0,
        0
      ]
    }
  ]
}
