{
  "results": [
    {
      "command": "cargo leptos build",
      "mean": 110.25149735000001,
      "stddev": 0.6869046175191946,
      "median": 110.392301705,
      "user": 1333.35455138,
      "system": 198.71956797333334,
      "min": 109.41166214900001,
      "max": 110.94689376100001,
      "times": [
        109.41166214900001,
        109.458837102,
        110.90698767800001,
        110.201696271,
        110.94689376100001,
        110.582907139
      ],
      "exit_codes": [
        0,
        0,
        0,
        0,
        0,
        0
      ]
    }
  ]
}
