{
  "results": [
    {
      "command": "cargo leptos build",
      "mean": 174.39911585068663,
      "stddev": 0.48819232556570474,
      "median": 174.51998951202,
      "user": 2814.3599440733337,
      "system": 240.69004376666666,
      "min": 173.57128454102,
      "max": 174.93554082202,
      "times": [
        174.56364855402,
        174.12035337102,
        173.57128454102,
        174.72753734602,
        174.47633047002,
        174.93554082202
      ],
      "exit_codes": [
        0,
        0,
        0,
        0,
        0,
        0
      ]
    }
  ]
}
