{
  "results": [
    {
      "command": "cargo leptos build",
      "mean": 20.46053727793333,
      "stddev": 0.801264174771055,
      "median": 20.2426910551,
      "user": 10.42841248,
      "system": 10.847728966666667,
      "min": 19.6899775341,
      "max": 22.023597019100002,
      "times": [
        22.023597019100002,
        20.3646092171,
        19.6899775341,
        20.2653743131,
        20.2200077971,
        20.1996577871
      ],
      "exit_codes": [
        0,
        0,
        0,
        0,
        0,
        0
      ]
    }
  ]
}
