{
  "results": [
    {
      "command": "mold -run cargo leptos build",
      "mean": 65.34340033501333,
      "stddev": 1.2433726271450127,
      "median": 65.44512455768,
      "user": 521.7102357266666,
      "system": 143.00412162666666,
      "min": 63.92557117418,
      "max": 67.08048617218,
      "times": [
        63.92557117418,
        66.06267364318,
        66.00262369118,
        64.88762542418,
        64.10142190518,
        67.08048617218
      ],
      "exit_codes": [
        0,
        0,
        0,
        0,
        0,
        0
      ]
    }
  ]
}
