{
  "results": [
    {
      "command": "cargo leptos build",
      "mean": 67.98924922146666,
      "stddev": 0.7627294720968658,
      "median": 67.9492796973,
      "user": 559.5010922399999,
      "system": 166.89518724,
      "min": 66.9769273923,
      "max": 69.2120466533,
      "times": [
        67.5524484233,
        68.2955134653,
        69.2120466533,
        67.7245973183,
        66.9769273923,
        68.1739620763
      ],
      "exit_codes": [
        0,
        0,
        0,
        0,
        0,
        0
      ]
    }
  ]
}
