{
  "results": [
    {
      "command": "mold -run cargo leptos build",
      "mean": 74.35004820808001,
      "stddev": 0.9598203039592237,
      "median": 74.10488260958002,
      "user": 676.4744141133333,
      "system": 139.62622330666667,
      "min": 73.29228509658,
      "max": 75.90502733158,
      "times": [
        75.90502733158,
        75.03443532658001,
        73.65877627458,
        74.14359468458001,
        74.06617053458001,
        73.29228509658
      ],
      "exit_codes": [
        0,
        0,
        0,
        0,
        0,
        0
      ]
    }
  ]
}
