{
  "results": [
    {
      "command": "mold -run cargo leptos build",
      "mean": 4.830921571186667,
      "stddev": 0.2506731547397052,
      "median": 4.74695125402,
      "user": 3.1733555333333334,
      "system": 1.78771424,
      "min": 4.67141677752,
      "max": 5.337484638519999,
      "times": [
        5.337484638519999,
        4.74331183452,
        4.75059067352,
        4.71000076252,
        4.67141677752,
        4.77272474052
      ],
      "exit_codes": [
        0,
        0,
        0,
        0,
        0,
        0
      ]
    }
  ]
}
