{
  "results": [
    {
      "command": "cargo leptos build",
      "mean": 9.489247574873334,
      "stddev": 0.21246230211097217,
      "median": 9.425086550540001,
      "user": 5.856855319999998,
      "system": 4.32565386,
      "min": 9.34494410904,
      "max": 9.91562575604,
      "times": [
        9.91562575604,
        9.373531639040001,
        9.427215010040001,
        9.45121084404,
        9.42295809104,
        9.34494410904
      ],
      "exit_codes": [
        0,
        0,
        0,
        0,
        0,
        0
      ]
    }
  ]
}
