{
  "results": [
    {
      "command": "mold -run cargo leptos build",
      "mean": 5.8422001922,
      "stddev": 0.27849137072013364,
      "median": 5.7004627102,
      "user": 3.2258646866666667,
      "system": 2.07581064,
      "min": 5.645718003200001,
      "max": 6.358594565200001,
      "times": [
        6.358594565200001,
        5.6870184632,
        5.713906957200001,
        5.6802553492,
        5.645718003200001,
        5.967707815200001
      ],
      "exit_codes": [
        0,
        0,
        0,
        0,
        0,
        0
      ]
    }
  ]
}
