{
  "results": [
    {
      "command": "mold -run cargo leptos build",
      "mean": 4.991965763133333,
      "stddev": 0.3222275644664099,
      "median": 4.8256693413,
      "user": 3.2730966599999998,
      "system": 1.8480828933333333,
      "min": 4.8087349353,
      "max": 5.6223557973,
      "times": [
        5.6223557973,
        4.8206101603,
        4.8200855293,
        5.0492796343,
        4.8307285223,
        4.8087349353
      ],
      "exit_codes": [
        0,
        0,
        0,
        0,
        0,
        0
      ]
    }
  ]
}
