{
  "results": [
    {
      "command": "cargo leptos build",
      "mean": 16.20128913751333,
      "stddev": 1.3030067702762995,
      "median": 15.75934876318,
      "user": 8.436839139999998,
      "system": 8.70338168,
      "min": 15.44235958018,
      "max": 18.83524143918,
      "times": [
        18.83524143918,
        15.49579372918,
        15.81185630318,
        15.70684122318,
        15.915642550180001,
        15.44235958018
      ],
      "exit_codes": [
        0,
        0,
        0,
        0,
        0,
        0
      ]
    }
  ]
}
