{
  "results": [
    {
      "command": "cargo leptos build",
      "mean": 9.096028486306666,
      "stddev": 0.35085545635424353,
      "median": 9.00068795114,
      "user": 4.98957526,
      "system": 4.799689459999999,
      "min": 8.83115994614,
      "max": 9.79418123314,
      "times": [
        9.79418123314,
        9.04307705614,
        8.83115994614,
        9.02275484814,
        8.97862105414,
        8.90637678014
      ],
      "exit_codes": [
        0,
        0,
        0,
        0,
        0,
        0
      ]
    }
  ]
}
