{
  "results": [
    {
      "command": "mold -run cargo leptos build",
      "mean": 5.78883807054,
      "stddev": 0.05085676676307137,
      "median": 5.79124508804,
      "user": 3.532002299999999,
      "system": 2.11891308,
      "min": 5.70278221854,
      "max": 5.85335052754,
      "times": [
        5.77332550854,
        5.79727908654,
        5.70278221854,
        5.78521108954,
        5.82107999254,
        5.85335052754
      ],
      "exit_codes": [
        0,
        0,
        0,
        0,
        0,
        0
      ]
    }
  ]
}
